Workbook

Sheet SPX vs. M2
A1: Date | B1: SPX | C1: M2 | E1: Date | F1: SPX / M2
A2: =WM2NS!A2 -> 29591 | B2: =VLOOKUP($A2,SPX!$A$4:$B$11372,2,1) -> 137.97 | C2: =WM2NS!B2 -> 1620.7 | E2: =A2 -> 29591 | F2: =B2/C2 -> 0.085129883
A3: =WM2NS!A3 -> 29598 | B3: =VLOOKUP($A3,SPX!$A$4:$B$11372,2,1) -> 133.52 | C3: =WM2NS!B3 -> 1616.7 | E3: =A3 -> 29598 | F3: =B3/C3 -> 0.082587991
A4: =WM2NS!A4 -> 29605 | B4: =VLOOKUP($A4,SPX!$A$4:$B$11372,2,1) -> 134.37 | C4: =WM2NS!B4 -> 1614.4 | E4: =A4 -> 29605 | F4: =B4/C4 -> 0.083232158
A5: =WM2NS!A5 -> 29612 | B5: =VLOOKUP($A5,SPX!$A$4:$B$11372,2,1) -> 129.84 | C5: =WM2NS!B5 -> 1599.8 | E5: =A5 -> 29612 | F5: =B5/C5 -> 0.081160143
A6: =WM2NS!A6 -> 29619 | B6: =VLOOKUP($A6,SPX!$A$4:$B$11372,2,1) -> 126.91 | C6: =WM2NS!B6 -> 1601 | E6: =A6 -> 29619 | F6: =B6/C6 -> 0.079269209
A7: =WM2NS!A7 -> 29626 | B7: =VLOOKUP($A7,SPX!$A$4:$B$11372,2,1) -> 129.27 | C7: =WM2NS!B7 -> 1610.7 | E7: =A7 -> 29626 | F7: =B7/C7 -> 0.080257034
A8: =WM2NS!A8 -> 29633 | B8: =VLOOKUP($A8,SPX!$A$4:$B$11372,2,1) -> 126.98 | C8: =WM2NS!B8 -> 1611.8 | E8: =A8 -> 29633 | F8: =B8/C8 -> 0.078781489
A9: =WM2NS!A9 -> 29640 | B9: =VLOOKUP($A9,SPX!$A$4:$B$11372,2,1) -> 127.35 | C9: =WM2NS!B9 -> 1609 | E9: =A9 -> 29640 | F9: =B9/C9 -> 0.079148539
A10: =WM2NS!A10 -> 29647 | B10: =VLOOKUP($A10,SPX!$A$4:$B$11372,2,1) -> 132.00999 | C10: =WM2NS!B10 -> 1615.7 | E10: =A10 -> 29647 | F10: =B10/C10 -> 0.081704521
A11: =WM2NS!A11 -> 29654 | B11: =VLOOKUP($A11,SPX!$A$4:$B$11372,2,1) -> 131.12 | C11: =WM2NS!B11 -> 1629.4 | E11: =A11 -> 29654 | F11: =B11/C11 -> 0.080471336
A12: =WM2NS!A12 -> 29661 | B12: =VLOOKUP($A12,SPX!$A$4:$B$11372,2,1) -> 134.67999 | C12: =WM2NS!B12 -> 1633.5 | E12: =A12 -> 29661 | F12: =B12/C12 -> 0.082448725
A13: =WM2NS!A13 -> 29668 | B13: =VLOOKUP($A13,SPX!$A$4:$B$11372,2,1) -> 135.69 | C13: =WM2NS!B13 -> 1630.9 | E13: =A13 -> 29668 | F13: =B13/C13 -> 0.083199462
... A33: =WM2NS!A33 -> 29808 | B33: =VLOOKUP($A33,SPX!$A$4:$B$11372,2,1) -> 132.53999 | C33: =WM2NS!B33 -> 1699.3 | E33: =A33 -> 29808 | F33: =B33/C33 -> 0.077996818
A34: =WM2NS!A34 -> 29815 | B34: =VLOOKUP($A34,SPX!$A$4:$B$11372,2,1) -> 131.22 | C34: =WM2NS!B34 -> 1695.9 | E34: =A34 -> 29815 | F34: =B34/C34 -> 0.077374846 | H34: Sources: St. Louis Federal Reserve Bank FRED, Yahoo! Finance, https://github.com/BenS-DA
A35: =WM2NS!A35 -> 29822 | B35: =VLOOKUP($A35,SPX!$A$4:$B$11372,2,1) -> 125.5 | C35: =WM2NS!B35 -> 1690.5 | E35: =A35 -> 29822 | F35: =B35/C35 -> 0.074238391
A36: =WM2NS!A36 -> 29829 | B36: =VLOOKUP($A36,SPX!$A$4:$B$11372,2,1) -> 122.79 | C36: =WM2NS!B36 -> 1693.3 | E36: =A36 -> 29829 | F36: =B36/C36 -> 0.072515208
A37: =WM2NS!A37 -> 29836 | B37: =VLOOKUP($A37,SPX!$A$4:$B$11372,2,1) -> 120.07 | C37: =WM2NS!B37 -> 1706.4 | E37: =A37 -> 29836 | F37: =B37/C37 -> 0.07036451
A38: =WM2NS!A38 -> 29843 | B38: =VLOOKUP($A38,SPX!$A$4:$B$11372,2,1) -> 120.66 | C38: =WM2NS!B38 -> 1714.4 | E38: =A38 -> 29843 | F38: =B38/C38 -> 0.07038031
A39: =WM2NS!A39 -> 29850 | B39: =VLOOKUP($A39,SPX!$A$4:$B$11372,2,1) -> 117.24 | C39: =WM2NS!B39 -> 1706.1 | E39: =A39 -> 29850 | F39: =B39/C39 -> 0.068718128
A40: =WM2NS!A40 -> 29857 | B40: =VLOOKUP($A40,SPX!$A$4:$B$11372,2,1) -> 115.53 | C40: =WM2NS!B40 -> 1697.7 | E40: =A40 -> 29857 | F40: =B40/C40 -> 0.068050892
A41: =WM2NS!A41 -> 29864 | B41: =VLOOKUP($A41,SPX!$A$4:$B$11372,2,1) -> 119.51 | C41: =WM2NS!B41 -> 1722.1 | E41: =A41 -> 29864 | F41: =B41/C41 -> 0.069397829
A42: =WM2NS!A42 -> 29871 | B42: =VLOOKUP($A42,SPX!$A$4:$B$11372,2,1) -> 121.21 | C42: =WM2NS!B42 -> 1729.4 | E42: =A42 -> 29871 | F42: =B42/C42 -> 0.070087891
A43: =WM2NS!A43 -> 29878 | B43: =VLOOKUP($A43,SPX!$A$4:$B$11372,2,1) -> 118.98 | C43: =WM2NS!B43 -> 1729.5 | E43: =A43 -> 29878 | F43: =B43/C43 -> 0.068794451
A44: =WM2NS!A44 -> 29885 | B44: =VLOOKUP($A44,SPX!$A$4:$B$11372,2,1) -> 118.16 | C44: =WM2NS!B44 -> 1720.8 | E44: =A44 -> 29885 | F44: =B44/C44 -> 0.068665739
A45: =WM2NS!A45 -> 29892 | B45: =VLOOKUP($A45,SPX!$A$4:$B$11372,2,1) -> 124.2 | C45: =WM2NS!B45 -> 1728.3 | E45: =A45 -> 29892 | F45: =B45/C45 -> 0.071862522
A46: =WM2NS!A46 -> 29899 | B46: =VLOOKUP($A46,SPX!$A$4:$B$11372,2,1) -> 123.29 | C46: =WM2NS!B46 -> 1740.8 | E46: =A46 -> 29899 | F46: =B46/C46 -> 0.07082376
... A2341: =WM2NS!A2341 -> 45964 | B2341: =VLOOKUP($A2341,SPX!$A$4:$B$11372,2,1) -> 6851.9702 | C2341: =WM2NS!B2341 -> 22303.8 | E2341: =A2341 -> 45964 | F2341: =B2341/C2341 -> 0.30721089

Sheet WM2NS
B1: WM2NS
A2: 29591 | B2: 1620.7
A3: 29598 | B3: 1616.7
A4: 29605 | B4: 1614.4
A5: 29612 | B5: 1599.8
A6: 29619 | B6: 1601
A7: 29626 | B7: 1610.7
A8: 29633 | B8: 1611.8
A9: 29640 | B9: 1609
A10: 29647 | B10: 1615.7
A11: 29654 | B11: 1629.4
A12: 29661 | B12: 1633.5
A13: 29668 | B13: 1630.9
... A2341: 45964 | B2341: 22303.8

Sheet SPX
B1: Close | C1: High | D1: Low | E1: Open | F1: Volume
A2: Date | B2: ^GSPC | C2: ^GSPC | D2: ^GSPC | E2: ^GSPC | F2: ^GSPC
A4: 29528 | B4: 129.03999 | C4: 129.85001 | D4: 127.23 | E4: 127.47 | F4: 35820000
A5: 29530 | B5: 131.33 | C5: 135.64999 | D5: 130.77 | E5: 130.77 | F5: 84080000
A6: 29531 | B6: 128.91 | C6: 131.3 | D6: 128.23 | E6: 131.3 | F6: 48890000
A7: 29532 | B7: 129.17999 | C7: 130.08 | D7: 127.74 | E7: 128.91 | F7: 40070000
A8: 29535 | B8: 129.48 | C8: 130.50999 | D8: 128.19 | E8: 129.17999 | F8: 35720000
A9: 29536 | B9: 131.25999 | C9: 132.3 | D9: 129.48 | E9: 129.48 | F9: 41520000
A10: 29537 | B10: 134.59 | C10: 135.12 | D10: 131.33 | E10: 131.33 | F10: 58500000
A11: 29538 | B11: 136.49001 | C11: 137.21001 | D11: 134.12 | E11: 134.59 | F11: 69340000
A12: 29539 | B12: 137.14999 | C12: 138.96001 | D12: 135.12 | E12: 136.49001 | F12: 71630000
A13: 29542 | B13: 137.75 | C13: 138.46001 | D13: 134.89999 | E13: 137.14999 | F13: 50260000
A14: 29543 | B14: 139.7 | C14: 140.92 | D14: 137.91 | E14: 137.91 | F14: 70380000
A15: 29544 | B15: 139.06 | C15: 141.75999 | D15: 138.06 | E15: 139.7 | F15: 69230000
... A11372: 46002 | B11372: 6901 | C11372: 6903.46 | D11372: 6833.4502 | E11372: 6861.2998 | F11372: 5021060000
